"","baseMean","log2FoldChange","lfcSE","pvalue","padj"
"abu-8",4.72716181580663,-2.75980829612233,2.14526535824888,0.000673600934048069,0.0184390577873462
"acn-1",116.73088285221,-1.03929162113894,0.195271669832676,2.61746217427962e-06,0.000119659209855646
"adt-1",9.74768150412742,-2.60925581098644,1.10361409165067,0.000136409798866571,0.00435640655529199
"alh-9",557.891533443135,-0.679110735649767,0.115152761487343,0.000105485936989661,0.00345456854010506
"aly-1",125.119763032568,1.20664105834335,0.186937877012522,2.43124904634448e-08,1.48951217084206e-06
"amt-1",16.4607819503678,1.35352462830651,0.635588965608238,0.000416073184049171,0.012126715519569
"atl-1",97.5289760464655,1.0176026673744,0.224435436861616,2.13336073980328e-05,0.000861571606397684
"baf-1",195.596117418381,0.683255136726965,0.15716629636547,0.0010369998383717,0.0268368406447574
"cah-4",508.429425782023,-0.713742738580726,0.113604117274567,2.47789423326007e-05,0.00097025719411914
"cyp-14A5",123.66042784146,1.66341137485106,0.207536963949149,7.70221658194469e-13,9.63418924124914e-11
"cdh-7",20.3218398296523,-6.19409607757715,1.18823619690246,7.28503039237692e-08,4.10056148210916e-06
"cdh-10",19.5490546303718,-3.68271077547084,0.610330316719532,8.09249687473508e-09,5.60623283491262e-07
"chs-2",9.61876253885117,-1.83723098270573,1.08713646234821,0.000476268761877349,0.0136601161448006
"ckb-2",28.8859828187598,-1.0393310440637,0.416172226938083,0.000661467688449286,0.0181621280554094
"col-14",36.2551978248469,-4.60688547502325,0.561165875326048,4.90264116001902e-15,9.19858047648568e-13
"col-17",69.4480995521516,-7.90355184246231,1.16778344708563,2.81208323429882e-12,3.12661995161669e-10
"col-41",77.9142648901398,-7.35124105800967,1.0265433220526,3.80145121195286e-13,5.18725297194658e-11
"col-48",6.99547430845292,-4.36517755746455,1.6788507201525,7.28648980498384e-05,0.00250466134288872
"col-73",42.8505541949394,-5.66531842244407,0.856946978527883,6.21631824379513e-11,6.01980237673322e-09
"col-90",83.119785997294,-7.38892430817199,1.07439652112497,2.33942187399205e-12,2.66694093635093e-10
"col-93",18.0448774123748,-1.92689830666748,0.644432464581116,5.17109130355685e-05,0.00185244930039991
"col-97",18.2356540473677,-3.21246349169793,0.566846817862025,4.97905373212625e-08,2.8561374465942e-06
"col-104",17.1096514935782,-4.42671126694958,0.785629647146898,3.49424962568972e-08,2.07130530962008e-06
"col-109",12.2438918439547,-4.69501940555048,1.15069669695188,6.59711797837928e-06,0.000287022437262241
"col-111",4.60254507327708,-4.70287497666921,1.71122399963809,5.43893590076111e-05,0.00192846680008876
"col-125",39.3880661771829,-2.96794810750298,0.368821356761057,1.50661507854432e-13,2.26142923289502e-11
"col-149",44.2248421091853,-4.09560246906654,0.448142973044865,9.60253365151726e-18,2.21744661706576e-15
"col-173",9.78210256235419,-6.09598082153886,1.21585986895012,1.87955577653027e-07,9.61777234285885e-06
"col-180",12.566988985151,-3.11941400430623,0.745564778700122,5.94784652804251e-06,0.000260030610832771
"cpz-1",175.400336859618,-1.40966112076875,0.206140926503646,1.36713195549137e-09,1.09859588442261e-07
"hsp-90",8880.86371017769,-0.600871375486402,0.106501907425145,0.000802620835788537,0.0214492677955833
"dao-2",79.3432139362075,-6.35442430438403,0.672064420373306,2.76660575557905e-20,1.13254779248841e-17
"dhs-29",39.0500952887795,-0.88724557302839,0.348474020699463,0.00132956380711006,0.0330774907371082
"dis-3",259.918162061959,0.680465452578161,0.141212912974948,0.000568829758599976,0.0159591302366087
"dpf-6",19.0804567916584,-1.98811909873226,0.572965711430001,1.89519351602458e-05,0.000775823309332608
"dpy-2",42.4069267262723,-4.67003750135099,0.528469798271125,4.08204486974407e-17,9.06175414243278e-15
"dpy-3",16.8622676517196,-5.94127678944044,1.1906404803211,2.30881267271247e-07,1.16815544553082e-05
"dpy-4",107.783046888951,-7.81732555998791,1.01831026281289,6.65384442448924e-15,1.198490457739e-12
"dpy-5",104.968554243149,-9.36840281654011,1.20450507237483,6.03173855878398e-16,1.20715194356463e-13
"dpy-6",355.656767079857,-0.972174845931878,0.143679081971481,7.56233241600124e-08,4.20409665052514e-06
"dpy-7",27.5998910662961,-6.62640517945351,1.17321761258866,6.04975219579806e-09,4.29008411616987e-07
"dpy-8",27.5801720326291,-7.5451577743272,1.17646104561208,3.56882036844224e-11,3.53195563057042e-09
"dpy-9",23.8124246394186,-4.89725385928113,0.769651878750421,5.28702521646405e-10,4.53475705709288e-08
"dpy-10",24.7609180354524,-3.20046349386855,0.47868537881309,3.72920469964313e-10,3.29266838480256e-08
"dpy-11",185.11980630827,-0.835613724244796,0.157530895620803,2.31348235482935e-05,0.00091785119328604
"dpy-13",80.5733539540285,-6.99193484981856,0.841300725216812,1.46875607276691e-16,3.07619004449739e-14
"ech-7",225.636322804983,0.801288655330542,0.1438429108235,2.15845675713438e-05,0.00086781524798001
"elo-2",213.789086077857,0.922439797259009,0.195094222578636,3.00271743031558e-05,0.00113233492473488
"elo-5",418.528091270224,0.63043853668009,0.11993590879942,0.000740818350039577,0.0200958134351097
"far-5",34.8122565877833,-1.03659359425046,0.368195213767473,0.000447443122016366,0.0129571471282296
"fkb-3",29.170628952588,-1.29501913391332,0.422479936884858,0.000113759320479232,0.00367210193632963
"fkb-5",113.284065066194,-1.53605497156662,0.205841920932015,3.33477349003857e-11,3.37449101699858e-09
"fmo-2",53.5345450838312,2.12301651775028,0.301536015704158,3.75365204608374e-11,3.67449894859023e-09
"icl-1",3653.42634653304,-0.820473401848833,0.32949596946631,0.00209363642255615,0.0494889491379021
"gln-3",1090.73153591599,-0.736516363264239,0.116001896468909,1.33281814344333e-05,0.000563538037551674
"gly-8",81.8455370410924,-1.5885927933527,0.245522674635975,1.9671866219033e-09,1.50139684041196e-07
"grd-14",9.25297988257641,-5.00829375726582,1.37705012085551,1.3677007826226e-05,0.000575584731228933
"grl-5",14.050114421501,-6.59224313228632,1.20470557898008,1.52959362842563e-08,9.56633348444532e-07
"grl-7",41.8407979177375,-8.11885137204383,1.17456500056532,8.96481877195526e-13,1.09104267378688e-10
"grl-15",18.1606667121456,-6.95982267353891,1.1854781221954,1.37842921318849e-09,1.09859588442261e-07
"grl-16",45.1668501219369,-7.31013200016874,1.16723343792114,1.08984444393728e-10,1.04416373001055e-08
"gst-5",349.035722428507,1.1143465394487,0.14140608830835,2.49310958460066e-10,2.31473658957871e-08
"gst-7",288.549480167287,0.72507212045902,0.138864483960372,0.000145335989636872,0.00457655917017368
"gst-24",695.08593372695,3.44427634886128,0.134292895586062,3.22151458945051e-120,2.90129603925913e-116
"hil-3",215.981908766473,-0.918115572065792,0.192559991284276,2.86987399879701e-05,0.00109473993123862
"his-24",472.06456808392,-0.944742194693592,0.133201595402536,3.91426331375068e-08,2.28908151971679e-06
"ikb-1",44.4795592710362,-0.860563004741908,0.315589497960822,0.00130389365461182,0.0326190729262057
"lem-2",180.141483839636,0.788019665649649,0.160928937172216,0.000100358760158157,0.00331073624170097
"let-4",12.1942223844703,-6.40858187700821,1.19882787501042,3.30290987890065e-08,1.98306709129195e-06
"let-653",65.9849473796442,-1.4196276506227,0.252816826619159,1.18739574072535e-07,6.40340481495357e-06
"lgx-1",20.0229032013433,-3.69193091147795,0.607649765698301,6.54382304126122e-09,4.60419299293739e-07
"lon-3",10.9774237667146,-5.30613965181359,1.27334028221259,4.3603454590833e-06,0.000194402332695565
"lpd-6",413.002415151851,0.932301015642452,0.123619835154317,1.08764175024945e-08,7.13897152309877e-07
"lrp-1",857.23189645523,-0.770427822695199,0.122002050762718,7.21246292700497e-06,0.000312285774618302
"lys-2",1030.12999272469,0.638176560716489,0.141614545963797,0.00167316782751166,0.0403982559103755
"lys-4",94.5095809284688,-1.41768794984466,0.224745150543447,1.03335176173647e-08,6.89776048208522e-07
"lys-7",77.8727495496318,-1.60900972118606,0.235065262387451,3.46052330848933e-10,3.08569038774801e-08
"mac-1",121.873007770764,0.706832973304742,0.177731862412045,0.00121291102618886,0.0305125047537902
"mrp-2",439.074576984889,1.71909124850934,0.13843833470659,3.60970231708132e-26,2.95536173342131e-23
"mrp-6",51.3970337761373,1.83934203582854,0.29814853026521,2.81455391386232e-09,2.09486549985488e-07
"mtl-1",11.6253021783925,1.47936559137502,0.850806725477851,0.000588001679273745,0.016394870351515
"mtl-2",178.432791305393,4.46204658307104,0.24822156359185,3.95620299303008e-63,1.18765213850763e-59
"mua-3",200.055188183822,-1.7254928120456,0.167694662557415,3.79957385642475e-19,1.31611392888313e-16
"mua-6",535.524431329926,-0.701986547608051,0.118266406918622,6.17766880081886e-05,0.00215643741163468
"mup-4",1093.10356209664,-0.552514927709566,0.0913374922957072,0.00145972822548134,0.0359188863352048
"nas-37",13.4215838426177,-4.04089247986359,0.816259222127011,7.23683570518877e-07,3.41230064716911e-05
"nhr-85",59.2704791916031,-0.857647398631176,0.262713107181914,0.000701033132507984,0.0190740313938577
"nlp-24",276.716167450038,-1.29569851263045,0.153812946317185,3.32531384443261e-12,3.65216786377562e-10
"nlp-33",279.374188680602,-1.5557364892258,0.163586969162418,4.20625009385506e-16,8.60942916937697e-14
"npp-9",508.148860340934,0.70704153355924,0.116836968942516,4.48321536296746e-05,0.00163464929388198
"npp-11",186.461820309398,1.03399685384196,0.165234863013936,1.86164275848695e-07,9.58054553310483e-06
"npp-12",633.77309364511,0.58349657683998,0.108566685649751,0.00160295792089204,0.0389116955136219
"pgp-1",183.951813171883,2.131785133197,0.34775195483799,2.93356354536714e-09,2.16554699094889e-07
"pgp-3",272.283854107268,1.34467997014152,0.142593407308325,1.04863604963538e-14,1.85176789470906e-12
"pgp-4",103.873843347026,1.7201965644789,0.210829838780819,2.37799479700792e-13,3.37989667457309e-11
"pgp-8",400.647928553559,4.82627332047012,0.196343065543771,3.07175504450031e-117,1.38321129653849e-113
"phg-1",6.97591162503288,-2.69992175307145,1.57770879742016,0.00035683636573953,0.0105366174093449
"phy-2",222.589593605673,-0.668254334966238,0.140931487757506,0.000770476110525474,0.0207751732077617
"pqn-13",12.2205033142902,-6.39329708580963,1.21159652435953,4.64426671323257e-08,2.69846877544339e-06
"pqn-32",35.9594832117177,-4.75514046560519,0.59433460934895,1.80258781052801e-14,3.06303883426702e-12
"abu-13",32.8574268386159,-7.77665343375289,1.18153350785978,1.0222490091068e-11,1.08310289129598e-09
"abu-14",25.3328471396274,-6.50842454643799,1.17635213182816,1.20784151779168e-08,7.82577029441144e-07
"ptr-1",22.8437647555249,-1.404389115857,0.553296743998188,0.000206653056102919,0.00635193659816686
"ptr-2",15.216192096492,-3.07068756574423,0.645524889528423,1.29508111884643e-06,5.95076558996477e-05
"ptr-4",62.0409231478854,-4.14969612926672,0.397354206376724,1.46077474764537e-22,8.22233586080887e-20
"ptr-6",25.1063096609052,-0.942236524393366,0.444294156709768,0.00146910013057961,0.0360354312323923
"ptr-10",11.5458434975642,-2.8903693030525,0.817622942185569,2.08079862690035e-05,0.000844129388912819
"ptr-13",93.3047832484381,0.840722074694066,0.225685236286953,0.00041340443790379,0.0120880531420829
"ptr-18",27.3430169231997,-1.54599442158475,0.493604683213281,5.57986369041199e-05,0.00197067656454315
"pyr-1",364.807555199406,0.800881774917555,0.148311952643926,3.10946760038634e-05,0.00116682771704497
"qua-1",61.3757376705264,-5.74559018918614,0.628106120488662,7.97080613556716e-19,2.65805498658086e-16
"rad-50",107.244366907099,0.845223958439597,0.211522180072917,0.000256473214014963,0.00780337082911743
"rol-6",55.3923384517431,-6.88417681894795,1.01766569281164,7.79819733268703e-12,8.43586486272105e-10
"rol-8",82.0883091691276,-6.10741871490618,0.723119405744074,1.38766823015361e-16,2.97555716208652e-14
"rop-1",376.739565078569,0.699239674580195,0.12069418905403,8.4546636106804e-05,0.00284114554021596
"sqt-1",110.168044316517,-9.41341775757351,1.22212054735994,9.97641297750361e-16,1.95320815816082e-13
"sqt-2",76.8890156146457,-7.34576485405327,1.01559718132248,2.36432967427522e-13,3.37989667457309e-11
"sqt-3",90.5042283237728,-7.56694005118917,1.01947615767757,5.18182946828215e-14,8.48501021660891e-12
"sur-5",505.915192205901,0.666740857769636,0.125662214435568,0.000351159734154026,0.010403107124313
"sym-1",158.781599857235,-4.20307310176692,0.254963659666669,5.89390326639809e-53,1.06160985634362e-49
"tag-151",344.609769567271,1.02503443941489,0.14005070671565,6.01891743417553e-09,4.29008411616987e-07
"tgt-2",59.6213203771417,0.860220347537572,0.274532192109663,0.000816997208280839,0.0216408142875801
"tps-2",297.789204369018,-0.766516074781116,0.141842694416978,5.2725737949639e-05,0.00187686954930612
"tre-5",38.6755466058341,-1.70003713658865,0.348483581745626,4.88937968145157e-07,2.32982822281232e-05
"vap-1",211.85986412569,-0.761040084465068,0.150858815367998,0.000112650225943084,0.00364938106058782
"wrt-1",37.4167939099195,-5.02766250643389,0.652469574712073,1.02342227451111e-13,1.56219339055035e-11
"wrt-2",25.1544443945548,-6.49361706665537,1.17856684328327,1.37308019426799e-08,8.64752463606821e-07
"wrt-4",14.4310237879431,-5.71369172322781,1.21289759508612,7.67724682446742e-07,3.60110858860175e-05
"wrt-9",11.6720548027714,-3.55869941009939,2.10257286237591,0.000295426854044667,0.00895829712971807
"wrt-10",48.9183492443461,-6.27877157023873,0.852032127363223,2.74537388009325e-13,3.80382110217228e-11
"zig-4",151.205436866764,3.00445730080083,0.208274935834155,1.55425925026184e-38,2.33294313464301e-35
"B0024.11",131.716138079506,0.69981520237981,0.175862149294157,0.00132069103341724,0.0329477657810406
"B0393.5",11.9564210341006,-2.52048077872329,0.808626238994191,4.07442318497765e-05,0.00150386291819298
"C05C10.2",101.975681433462,0.904536445990729,0.214889925723027,0.000101823410770725,0.00334679429708449
"cyp-35C1",164.813453380688,1.76006349152007,0.178780127972723,5.77035943896248e-18,1.4373050867958e-15
"pro-2",311.456504723994,1.0420211315372,0.137463898768133,1.87813232151277e-09,1.45814307651242e-07
"ugt-22",916.84122259947,0.983621573679802,0.100124488147958,4.59649537021822e-13,6.08765254473314e-11
"C09F9.2",113.541078504036,-2.84687921915455,0.221774634141245,1.15845720523571e-30,1.1592295100392e-27
"dyf-4",10.8770526311164,-5.29794224272339,1.27682413717981,4.55573411331313e-06,0.000201122261884794
"C29F3.7",409.059212686037,1.19547796217749,0.132945198532654,6.81451976604339e-13,8.64388239619532e-11
"C29F7.2",359.227873471539,1.41848683828986,0.127262115376406,9.19338676024133e-20,3.44981838178056e-17
"phdh-1",137.166975154826,-1.20054766979407,0.19581888101387,7.61206379701444e-08,4.20578199729522e-06
"irg-6",55.8497077064198,0.853117813327709,0.285895531089099,0.00103201712927577,0.0267848595569383
"lgc-21",15.1742084505329,-2.16360802799454,0.696324512001459,3.98830426874155e-05,0.00147813449564965
"C34F6.1",21.6831214692999,-4.21959867339494,0.659177553882809,7.82230767396476e-10,6.58389746838566e-08
"tag-297",24.0671811156694,-5.2757346512352,0.869038804884498,1.93993120551731e-09,1.4932496099905e-07
"C40H1.8",141.159099472332,1.25111918998473,0.191441606021676,1.33957596404596e-08,8.49593037478729e-07
"sdz-8",27.07302045277,0.926231062159586,0.419693194722108,0.00147246709899183,0.0360354312323923
"D1054.9",12.4065577518517,-2.8283359317493,0.77486410074859,1.65187776459278e-05,0.000680984184982046
"D2030.2",433.582263633374,-0.760461487933499,0.13907376918654,5.13882630232434e-05,0.00185121078714932
"E01G6.1",22.0898743384413,-4.19759331091329,0.879350004467966,1.24891533281576e-06,5.76806742940449e-05
"scl-24",43.9336684071799,1.22871391372844,0.328580294913084,3.98057562519211e-05,0.00147813449564965
"F08G2.5",13.9791092991461,3.61714396240583,0.707303788141239,4.40530506673099e-07,2.1422056592448e-05
"irg-4",1003.57789922059,1.3712058671315,0.0986071221956933,2.87267107734132e-28,2.58712757225359e-25
"oac-14",177.328936982887,-0.853565228080729,0.17661468132394,4.96065898920903e-05,0.00179420461272356
"mlt-9",39.1266673409859,-1.01159818571086,0.35288989520555,0.000470408736775124,0.0135351472312996
"F10D11.6",50.1070345011659,-4.27851922213817,0.458669020736693,1.54410746703991e-18,4.63541061605382e-16
"cyp-13A12",27.1856532044261,0.984951766247833,0.431369398986458,0.00105211468814928,0.027072413947064
"F15B9.8",16.684527857556,-3.60139167755904,0.673831016654128,1.83260094897955e-07,9.48528973937348e-06
"F16C3.2",26.740723334176,-1.40602232490913,0.472383000206933,9.89219877643335e-05,0.00327533610957936
"F19H8.2",54.8152471314327,-1.86986391503446,0.284858585771133,4.51881227468232e-10,3.91311762940278e-08
"mltn-9",14.2915632867048,-2.72653125983093,0.68282534201687,7.78158962328455e-06,0.000332137422499055
"F23H12.5",53.5212278816897,-1.96767439632804,0.30009535364292,4.12209346118562e-10,3.60423045742114e-08
"bed-3",17.8713310434171,-1.56693025378383,0.625825321334704,0.000166768088951772,0.00521497711492938
"acs-2",258.958269788713,-1.41351835910979,0.181717971965886,2.17170421989393e-11,2.22254184140508e-09
"fasn-1",1914.2647731367,-0.691241550410452,0.0935827674659203,4.15449453318067e-06,0.000186146158038931
"bigr-1",120.157839032042,0.737344733904508,0.193471816799276,0.00104106672662912,0.0268648909456213
"fip-5",48.9337338877501,-0.809124378654383,0.310255894298979,0.00204692143164554,0.0485120379299994
"fipr-21",284.901471212632,-1.24497379934543,0.150431492446984,1.13512709490261e-11,1.18871565310383e-09
"F46G10.2",116.695913867891,-0.883338404719634,0.242980819600719,0.000332727706625911,0.0099553014148603
"gadr-6",34.0144169698675,3.36154698922356,0.425498904151988,2.40188082581255e-13,3.37989667457309e-11
"F49E12.12",23.7179102515949,-2.09741942169902,0.50262007800763,3.38361486959239e-06,0.00015390320967449
"noah-2",156.432374647857,-4.33077124164783,0.467372052518406,2.32580002379315e-18,6.75682419815519e-16
"cut-2",92.0539980337975,-6.56640653135056,0.673908232141842,1.6872853608224e-21,7.23604379026976e-19
"F55G11.2",84.8930544992171,0.972609540561024,0.241111374949019,8.39567070595358e-05,0.00283188802913176
"ttr-31",165.922065283685,-0.746458788379353,0.164508008797708,0.000327399138294341,0.00986139344307302
"F58B4.5",240.166749302305,0.667020625239941,0.141277971506178,0.000807815950113675,0.021460738780896
"pwp-1",325.298518375301,0.651008464966518,0.124998525374193,0.000540579011103765,0.0152139205437516
"srdh-1",133.974278642681,1.1211578500019,0.186631646404394,1.95798364960867e-07,9.96248629851732e-06
"cdr-4",258.133782976773,0.628463945520118,0.132884698972081,0.00150252544940581,0.0366713934887499
"hrg-2",83.7457785971219,-1.63004389376119,0.236946762779756,2.62237664345955e-10,2.40991061744865e-08
"tasp-1",185.576735926539,-0.860285516618381,0.186214959438984,7.04947682930923e-05,0.0024324746484582
"chtb-1",33.7889929797044,-6.90680919474332,1.17132930594608,1.25580979873008e-09,1.02816573157846e-07
"K07F5.14",161.217062994679,0.703656487959595,0.161049562486379,0.000755748907576022,0.0204392632481371
"K08C7.1",44.8164500002367,1.33376612729125,0.315338241565965,8.91885434437635e-06,0.000378883029365346
"K08D8.6",261.74680885905,0.640406703799391,0.135683524918439,0.00124661393883732,0.0312729947999133
"K08E7.5",10.9778436607269,-6.25197647063497,1.2116777935227,8.87901290848651e-08,4.84632668205027e-06
"cpg-7",15.6459750799328,-1.76320867525653,0.679185898453677,0.000116517909283213,0.00373437825980292
"K10C3.5",234.915680457078,1.03650933918499,0.145435357889725,1.03397475580891e-08,6.89776048208522e-07
"K10D3.4",103.058886652978,-2.23320077658117,0.22127843765725,1.82961984903043e-19,6.59102254414723e-17
"M03B6.3",26.1554968194689,-5.83339804842986,1.02951513013673,1.05472550297002e-08,6.9844543233441e-07
"lact-4",248.569044764635,-0.685514619918116,0.179687944643145,0.00191323933153161,0.0457045979304342
"M79.2",118.816058378726,-0.875868840610308,0.196112545667801,8.10307251485957e-05,0.00276425269200096
"ugt-62",1028.62977262223,0.637947469665023,0.0993626964673862,0.000108335223324401,0.00352226361465544
"metr-1",838.130173876583,-0.941978971207688,0.10946762035364,1.93698668519245e-10,1.81713563404616e-08
"ddx-52",208.39585162097,0.651654202975333,0.151091940036659,0.00171015013432158,0.0411807810419789
"rbm-28",215.566394467014,0.779741190976393,0.14695001093502,5.18340243949342e-05,0.00185244930039991
"R07E3.6",32.5879059206603,-5.07761512624512,0.695450963645874,1.45443794363724e-12,1.70112572992168e-10
"R10D12.1",99.7683487980124,-0.99388969607955,0.232319059978567,4.40254224688535e-05,0.00161175997867681
"swt-6",36.5330314563399,0.878183103666912,0.372730380882745,0.00166061754334183,0.0402030150412271
"suro-1",24.5741044689132,-2.76924571169521,0.460130663921693,9.26782526111491e-09,6.32318441678795e-07
"R11D1.3",50.6910050255887,-1.22616655075772,0.311377180310076,2.64637317682389e-05,0.00101851439446478
"mnk-1",613.014643535104,-0.636808785334919,0.13232284277007,0.001178862952666,0.0298225835722191
"ugt-30",18.6606202705402,-1.82057734146949,0.586083050503346,4.32819897682432e-05,0.00159101061164407
"T04H1.5",27.1094496707827,1.04269526295525,0.447999072416474,0.000790667949242147,0.021192724853794
"T06D8.10",18.2002359505718,-5.30408410926388,1.07015605073022,3.95622637487166e-07,1.93640080065729e-05
"oac-46",138.625771951508,-1.12672623759334,0.205361460596994,8.95796034528981e-07,4.18007206578653e-05
"T16G1.6",54.2776747526473,2.39645356137796,0.310801569076778,1.2199146894892e-12,1.4455989070447e-10
"T16G1.7",47.9666694397751,1.26348678925469,0.304254530888849,1.40579184820651e-05,0.000584631831702563
"T19B10.2",78.4994475207819,-2.48102306132109,0.258568092255627,5.90498425621193e-18,1.4373050867958e-15
"T21B10.3",233.15542857063,0.833667227671728,0.150131498988805,1.37643519490794e-05,0.000576566296062369
"alh-13",106.642907249956,-1.66284787487661,0.205995542563425,5.68865100999775e-13,7.31885585657711e-11
"T26C5.2",34.3514138617636,-4.18374537625223,0.527687361442375,6.24188304197339e-14,1.00382854778593e-11
"T26G10.1",220.860651649344,0.82778152587321,0.158222236569507,3.00497498347363e-05,0.00113233492473488
"T27D12.1",350.388969432091,-1.11490363824304,0.138411258775493,1.20992681733898e-10,1.14701062283735e-08
"grsp-2",116.304289334293,-0.846216958746818,0.195840559506426,0.000144017742932728,0.0045509606766742
"mlt-11",267.589281951574,-6.39065271513037,0.374977333616622,6.16401774282314e-60,1.38782859479663e-56
"lpr-6",42.0972972416371,-3.26183693697336,0.384433554941542,5.46341732700322e-15,1.00415380504063e-12
"lpr-5",54.9775540426989,-5.58965639742675,0.622510371442915,3.83795614145577e-18,1.01660685323384e-15
"lpr-4",33.6934952802691,-6.90397785729086,1.17124264472884,1.27271540419942e-09,1.03261936308288e-07
"lpr-3",95.2046028438704,-6.89414821220973,0.735762158199931,2.96646953829822e-20,1.16156628964843e-17
"W07A12.4",19.5862658520887,-1.27574573077324,0.615427605958211,0.000526762978191081,0.0148916529500165
"Y11D7A.9",15.1608113902288,-6.69813171725875,1.2026172305972,8.53954894058075e-09,5.87077692815804e-07
"Y17G7B.20",164.047222376466,0.872184998567403,0.173260461395794,2.61947452041626e-05,0.00101248873523042
"Y37D8A.3",18.5510206521316,-2.18201657985815,0.560755594804376,7.31256178944415e-06,0.000315104935290593
"nspe-5",34.623684439018,-0.99695093914965,0.363117585513275,0.000592893035657035,0.0164802304911335
"Y39A1A.9",85.9165848489562,-0.817447051045461,0.227445839319958,0.000619097544509853,0.0171030444351403
"Y39B6A.33",368.155133777118,0.681939120513149,0.122814498086529,0.000178875489370167,0.00557423064798521
"Y43F8B.3",10.1555634042209,-3.92880543927152,1.04099649736338,1.40867318986738e-05,0.000584631831702563
"grsp-1",83.1279889661369,-1.25177363014044,0.225468347035568,3.51976685348271e-07,1.74170441112447e-05
"Y45F10D.7",334.324616730516,0.735988412515515,0.128320855385821,4.68711128808483e-05,0.00170210178469726
"Y46G5A.29",10.7368919575514,-4.44099113864492,1.29132824441789,2.223579034449e-05,0.000886086406382642
"txdc-12.1",130.726646791253,-2.34936995560703,0.201831117550442,5.7661393094809e-25,4.32748755176541e-22
"Y57A10A.27",142.090150820008,0.734878816414031,0.168890417885903,0.000508164052882335,0.0144369888336224
"Y57G11C.42",11.5151066265266,-2.89392966705579,0.847674186005863,2.58462113924671e-05,0.00100332318879551
"Y66D12A.8",97.893662132998,1.27590008365084,0.21025107418086,5.81537154514917e-08,3.29391422236562e-06
"psme-3",351.27589884846,1.59183909086337,0.140565821572421,1.32868151217686e-21,5.98305284933238e-19
"scav-2",78.4026592145794,-0.966244304176326,0.242647875579771,9.70739550880286e-05,0.00322600752591434
"ugt-16",215.537555825589,1.91232400020468,0.170808567429674,1.0010858568946e-22,6.43984230513769e-20
"ZK512.7",34.6989884157162,0.862757488756473,0.374133031654135,0.0018822802162986,0.0450846160318755
"ZK632.4",341.495161562306,-0.85686099634527,0.150860055777435,7.36873549228581e-06,0.000316013484969171
"ZK662.2",8.95422342447323,-3.21111808732632,1.11388362760915,6.0889522689712e-05,0.00213373946048073
"puf-12",532.94224438183,0.657240396525227,0.120496898082698,0.000334967549777338,0.00995616420229276
"ZK1025.3",57.2215274693326,-5.63797114863624,0.635613092439652,8.68080459827963e-18,2.05735068979227e-15
"dcaf-1",247.087051144911,0.642689533251215,0.133904723173404,0.00108537766356112,0.0276909666799757
"gad-3",76.3030282802036,-0.770900167349099,0.235859667156562,0.00143106877937768,0.035310151855001
"B0416.7",78.1289528585429,1.97992984437414,0.255017900503569,8.24119428276328e-13,1.01671500973378e-10
"rml-4",63.2930584984895,-2.26990916971606,0.272819608764447,3.02582737103233e-14,5.04640764879948e-12
"ivd-1",475.177184825471,0.706673338556983,0.114258576670781,3.494536258206e-05,0.00130588354943582
"C02E7.6",15.9198792188194,-6.78159053693753,1.18719365689112,3.78127213857373e-09,2.76862901463374e-07
"cyp-35A2",139.628505412125,0.777615294119483,0.181927535908419,0.000334759697290584,0.00995616420229276
"mthf-1",439.336962852952,-0.63553005289398,0.129520609236144,0.00106931729878328,0.0274366712046787
"srlf-1",513.416755020758,-0.621336448133509,0.135130167294546,0.00197099915255104,0.0468359323690625
"sams-3",104.164034123556,-0.742956039413589,0.19909525433889,0.0010824059618607,0.0276909666799757
"C06G1.1",13.5691955974404,-1.75559924127247,0.788138894954104,0.000216467256106275,0.00663096635541875
"mlt-10",33.8924063763566,-5.1295527480219,0.685934506503923,4.27427521555474e-13,5.74539143153523e-11
"cyp-33A1",86.9335923455754,2.58237484184275,0.237309193294776,2.18377891129532e-22,1.15688899265445e-19
"C12D5.9",16.4079881325796,-1.34361231366292,0.651331181926677,0.000464118100190576,0.0133969474689626
"rml-3",14.4875851746847,-4.15396703299733,0.813046900787194,3.90531207907696e-07,1.92192571498181e-05
"C15F1.2",29.382003480695,-4.46489491729435,0.599942240222119,1.13740593463247e-12,1.36579704630668e-10
"skpo-2",9.89432958422631,-2.39674745639051,1.01293381079287,0.000139296349380977,0.00443287251775645
"cest-4",167.023803369528,0.707544422388019,0.156227355943785,0.000571186307540549,0.0159754779059323
"C23H3.9",9.20726546653455,-1.2926399010774,1.01280070361532,0.00136283542746458,0.0338118343243692
"C25H3.10",126.750566764918,-0.969212594356608,0.235722207904954,7.37739368857282e-05,0.00252626644712117
"C26B9.3",15.5050889969453,-2.25307386295447,0.668051330144334,2.39089998023769e-05,0.000940716075658913
"C30F12.5",140.605958129005,-0.698428023789149,0.176309233010251,0.00137374068970838,0.0339887600316309
"C33G8.2",53.3276434796227,-1.96157344300964,0.296844632213773,3.25177520026216e-10,2.9285487453561e-08
"noah-1",260.929676274574,-3.90403683755533,0.357242532262392,3.10767565213132e-24,2.15290207100729e-21
"ttr-33",105.665881688947,-0.813726687179802,0.207774787078588,0.000396683190666636,0.0116369016779926
"srlf-7",1397.08198981985,-0.648614346298531,0.123398420186734,0.000527474715862232,0.0148916529500165
"C42D4.3",23.1433052148985,-1.08433533369217,0.506728944384142,0.000829027235831996,0.0218950712196568
"fbxc-52",65.6194580287443,0.807280971791738,0.244743774528228,0.00100408254512112,0.0261351658998867
"C48B6.2",125.43782020803,1.90864731335445,0.19232979035357,1.28709719388259e-18,3.99710252693331e-16
"cyp-35A4",24.5920482781631,1.53999492405346,0.500657933952057,6.28349690888445e-05,0.00218491016067233
"C50D2.1",14.7534956313401,-2.42013084647353,0.693874850758207,1.98472592681313e-05,0.000808798266827106
"C50F7.5",217.893078294848,-1.07414548079319,0.153134994497204,1.02314311813948e-08,6.89776048208522e-07
"C53H9.2",149.418823705302,0.824404905324441,0.193010049413161,0.000197994381614242,0.00610663493430776
"D1014.5",16.1034727117976,-6.79023286830344,1.19346720281631,4.23270254033453e-09,3.07417089340748e-07
"ugt-57",71.8645259227603,-1.09202877169251,0.246002312915335,1.65595754509292e-05,0.000680984184982046
"ugt-39",108.833662327868,2.05103724716846,0.211659850171411,4.17776097754876e-18,1.07499758182298e-15
"F10D2.8",20.6799409131252,3.99252750509741,0.630690686447956,1.40237028031364e-09,1.10787252144777e-07
"F11C7.2",70.8573278069056,-0.74661156972862,0.233366370161252,0.0019259577308445,0.0458867072063111
"cest-33",198.530648453821,0.788806995306115,0.162282875483905,0.000106108601107544,0.00346236978831356
"F13H8.2",208.548021280682,0.672987928896632,0.146178347111093,0.000861378283422014,0.0226168303804626
"F13H8.5",13.9996856340557,-5.67425580797801,1.21781971666883,9.3436518347304e-07,4.33757363008154e-05
"nstp-2",307.533589919722,0.708076516796158,0.143400219306279,0.000305896517225803,0.00924464440985095
"lgc-22",16.2338802261864,-3.33548301688107,0.631931781095192,2.4052525543113e-07,1.21015108961606e-05
"pud-3",22.0272128175835,3.57262875961183,0.556926727212435,1.24474521855338e-09,1.02816573157846e-07
"F16B4.4",81.0156283841324,-1.47282323825702,0.271013430127816,1.675366080917e-07,8.72158781776793e-06
"F18C5.10",101.301497860067,-0.894444118408694,0.227560240438915,0.00018512359465536,0.00572928898098342
"F21C10.10",370.773128629643,-0.671592344477113,0.166256592886931,0.00177471580906505,0.0426215748705063
"asp-12",265.33893569726,-3.1647878052596,0.561078610550781,5.54366898847847e-08,3.15989132343273e-06
"ilys-5",202.958961402313,-1.1890770999751,0.177044253961206,1.09391302485857e-08,7.13897152309877e-07
"sups-1",22.2606429241333,-7.24045435509959,1.18317785014449,2.66268988911205e-10,2.42224092336799e-08
"vrk-1",86.9460520355962,0.813157901222469,0.214383631126941,0.000481773381718789,0.0137741303992362
"F30H5.3",33.4007424625517,-5.74123945920459,0.856874586618926,3.38020068536587e-11,3.38245415248944e-09
"fbxa-72",24.2954206335609,-2.02025782912448,0.491922758469325,3.96718163126616e-06,0.000178642188855915
"F32B5.6",220.441554671222,-0.670652703015153,0.160849895981803,0.00154409933533561,0.0375842124703582
"clec-180",42.1429941301492,-4.12760025058043,0.461453856294636,4.12538218787191e-17,9.06175414243278e-15
"F33D4.6",57.583912574202,-4.60041416563496,0.455061333068543,1.17155030207679e-21,5.55314843184398e-19
"F35F10.1",15.1798976971466,-3.92897123397998,0.734372047373138,1.62866457544255e-07,8.52776346885793e-06
"F41F3.3",143.736788065943,-6.77811993418101,0.567969651205608,4.71632191948951e-31,5.30939940086532e-28
"F44E2.4",99.5651044638473,-3.61598240852223,0.276899323167309,3.46645114944846e-33,4.45983700741897e-30
"F46C8.8",17.5454858342649,-1.21297509391888,0.598192669389997,0.000645413408843562,0.0177755142509025
"lin-42",10.2405470003988,-3.88396017696138,1.10296629641124,2.17644711330711e-05,0.000871159231219725
"F49E10.2",8.85926357460875,-3.9361963858399,1.51517286164542,8.13924081703576e-05,0.00276611331314053
"txdc-12.2",227.808460003152,-1.05523567136558,0.178589501606191,4.42427551209785e-07,2.1422056592448e-05
"aagr-4",74.5040393245139,-1.91061899511664,0.259319138976763,7.86822838628213e-12,8.43586486272105e-10
"bus-5",31.5827170674588,-6.81393105698653,1.17240671940082,2.15943906655389e-09,1.63427800280541e-07
"F53B3.5",73.1395097211709,-0.903912275403267,0.24290822055542,0.000246187891683986,0.00751582424578298
"F54C1.1",23.5801619991338,-1.10727830903255,0.496149414894904,0.000693846220605535,0.0189356941296165
"wdr-12",222.356740295834,0.872075383529771,0.148494841352745,3.71650296221541e-06,0.0001681951039081
"F55F10.1",758.034039464287,0.671405087368176,0.128213491446082,0.000358373415435766,0.0105474215013546
"F56D2.3",12.5559889615048,-4.76588533611025,1.12234165915128,4.45866848251503e-06,0.000197806740657785
"F56D3.1",113.623115781391,-0.790393892874807,0.209254425416788,0.000617606224300213,0.0171030444351403
"F59A7.2",80.0026806369076,1.47212396579582,0.230597432241806,5.51314050390637e-09,3.97210747025446e-07
"H03E18.1",58.8081251380487,-5.25676927184885,0.642401897389792,2.65476712492338e-15,5.0869856866085e-13
"glf-1",47.4814361846255,-6.23048929647356,0.854734605661133,4.92011758147974e-13,6.42182303460964e-11
"H10E21.4",18.2674666533365,-6.05393071458383,1.18701131112753,1.33726790871925e-07,7.12629277273703e-06
"H41C03.1",13.2050883846052,-1.62801858457512,0.802444172935683,0.000328870524178702,0.00987269313584463
"H42K12.3",41.8227653701662,-5.70395857205378,0.762156770212494,2.25434686773795e-13,3.3283029329259e-11
"K02E10.4",16.1353133297447,-3.78837389377812,0.683386734940249,7.55213916269553e-08,4.20409665052514e-06
"cpg-8",58.6772437890443,-0.842429978309316,0.282199767591631,0.00111172335609248,0.0282829958897427
"nucl-1",1959.4253958711,0.781349710070182,0.0930632528540146,2.25907973304311e-08,1.39351178601276e-06
"ugt-19",104.787090400514,0.799199594239272,0.202600977438643,0.000440396759415552,0.0127942361783757
"K08B12.1",13.2513829382684,-6.51970744334196,1.19740689917374,1.85941547804259e-08,1.15488936518976e-06
"cyp-35A3",86.6115397443047,2.05458504372697,0.252205463584546,8.54560060710494e-14,1.35020489592258e-11
"cpt-4",140.899053532218,-0.769635194847215,0.221900218912716,0.00114352690667715,0.0290101502015053
"aak-1",33.0517976068629,1.07007804394053,0.405609442382942,0.000488529357218045,0.0139230866807143
"R02F11.1",11.8909273708449,-6.36680254691772,1.20619547447349,4.70437727325711e-08,2.71587318736881e-06
"R03H10.6",22.5046459049261,1.545951360934,0.50954437569659,6.73920821601375e-05,0.00233435804590076
"R08F11.7",14.0843371859309,-2.0659219611749,0.762711712720788,8.3361414235e-05,0.00282237931052786
"sti-1",760.836119401604,-0.619742900961905,0.119446253708841,0.000991125153833516,0.0258726757548541
"suco-1",211.72157954427,-0.83309298302872,0.189256246717533,0.00014299740651368,0.00453462902486692
"ttr-8",105.780389559402,-1.30510279808599,0.2023681002539,1.26809426323646e-08,8.13588241421077e-07
"lmd-5",161.558500284895,-0.783415099300514,0.167825987457727,0.000161145893903341,0.0050567244616498
"T02B11.4",68.8979270132439,1.40561388247966,0.269950351755489,4.66330933887854e-07,2.23392361201809e-05
"T03G6.1",21.8257107034691,-6.30032297733841,1.18033912420404,3.73780506802103e-08,2.20017466945081e-06
"fnip-2",86.4441100544614,-0.738360207466739,0.231999424662763,0.00211522899792711,0.0498684616631716
"rrp-8",99.5240449118744,0.76034680281722,0.19945088273465,0.00080574803352216,0.021460738780896
"nog-1",337.857424891744,0.984713001740047,0.160566668156936,4.4854376352316e-07,2.16020595416555e-05
"T19A5.3",28.2674758327591,-4.62122043079366,0.663220324859103,1.93381840324811e-11,2.00183546432787e-09
"ugt-12",492.474333708229,-0.880116645054104,0.123896352769812,1.11063311075973e-07,6.02551915391694e-06
"T20B12.3",165.643211632572,0.851523964024101,0.1665702006991,2.84067367957281e-05,0.00108864285779714
"T27A10.6",43.2044201884958,-2.07375752845629,0.350411351647025,7.15319708928059e-09,4.99392968884194e-07
"gldi-1",149.596433508836,1.04373657185789,0.180313888020836,6.93054351650287e-07,3.28507762682236e-05
"mlt-8",32.6984904412797,-6.14314589258681,1.02725950318923,1.5402970705774e-09,1.20625351457566e-07
"ugt-45",92.3890887887333,1.21776518130711,0.216397536215514,3.38870295812219e-07,1.68611374811317e-05
"Y45G5AM.3",47.788677273082,0.850456879373055,0.295318386946729,0.00118374807612795,0.029862283399463
"Y47D7A.13",87.0415984535564,-6.49282958140533,0.661387865042457,9.63941517403929e-22,4.82292072541099e-19
"Y48G1BR.1",25.3007134412862,-1.06044294401971,0.46499623264444,0.0007768772934268,0.0208852444913485
"ugt-29",24.4419805447033,1.63979753514521,0.472516575914195,2.39200512242828e-05,0.000940716075658913
"Y49F6B.2",162.321656082986,1.90983713602944,0.194444788524031,2.5983640214115e-18,7.31277074275998e-16
"Y50D4B.4",226.173377553972,-1.08536494308186,0.156827567785665,1.2737723966286e-08,8.13588241421077e-07
"Y54G2A.10",55.2526944259461,-2.20139071740892,0.288272651688021,1.60603737362232e-12,1.85435545985162e-10
"Y54G2A.11",164.315565544384,-0.732808163850662,0.187278062762693,0.000961245908685333,0.0251656414349422
"Y61A9LA.10",439.092233452085,1.14673907039031,0.12031045787582,9.30432167386021e-14,1.4447365688756e-11
"epg-9",91.5746500134978,-0.786375786256234,0.219404703210295,0.000839095478382659,0.0220961809307433
"cdh-12",62.2841492156588,-4.82691908329723,0.468077523299383,1.27014480094812e-22,7.6259493848925e-20
"Y71G12B.25",29.5046260955729,-2.36669265652406,0.416442041567628,2.51543933614095e-08,1.53067882846523e-06
"Y73E7A.8",16.5970489565107,-4.74338329434408,0.893984822964869,1.29164929694981e-07,6.92416283829168e-06
"lgc-27",19.0996063051873,-1.98010788541268,0.595119099910663,2.58359553907485e-05,0.00100332318879551
"Y75B7AR.1",10.9709562867775,-6.25509561462997,1.20758368536694,8.08919598161824e-08,4.44215237868621e-06
"ZC123.1",22.730645360975,-2.79527828449568,0.522624812241466,1.47074211829864e-07,7.75865389157826e-06
"cuti-1",22.000803512073,-3.84606194026232,0.592557399662692,6.66399862376394e-10,5.66188411373756e-08
"ZK84.1",20.9414783985971,1.41575480878153,0.54537564757908,0.000184302627787543,0.00572354988225727
"ZK105.6",28.0045904250015,-1.38855420374536,0.454457443913445,8.95148433958749e-05,0.00298581733193796
"ZK180.5",110.959708716557,-7.07621219918931,0.803621502933907,2.69613051268199e-18,7.35798527188304e-16
"ZK180.6",23.6702767201534,-5.69077931069933,1.0345858913448,2.70765685746554e-08,1.63658776230434e-06
"lron-2",13.4508698176526,-3.42488925442191,0.810575250208472,5.7605395062169e-06,0.000253070335575558
"ZK742.4",93.7203940274037,1.34232501137777,0.22008512973315,3.49587394028705e-08,2.07130530962008e-06
"fbn-1",112.126382196641,-3.79574071621352,0.398770935633646,8.26399507264758e-19,2.65805498658086e-16
"ZK1055.7",171.111822200684,1.56978467697417,0.177041372742423,1.59307373902213e-14,2.75908117185256e-12
"cth-2",435.710206625786,1.08763913905341,0.120516001523993,2.53127691866981e-12,2.84958499119254e-10
"K02E11.10",19.404986954763,-7.04207940999953,1.19187520050693,1.04263287458675e-09,8.69439969308174e-08
"C23H4.8",33.5680179646653,1.22740429297627,0.385969707087262,0.000116204610599252,0.00373437825980292
"bus-8B",16.1710727965296,-3.34810075235485,0.636255988173907,2.55806685440452e-07,1.27988611615373e-05
"R02E4.3",17.1840030475128,-4.76954785945482,0.904666901545801,1.47316213131233e-07,7.75865389157826e-06
"nta-1",15.5062209959694,1.85493459426822,0.677067571555944,8.51351049902228e-05,0.00285028533658716
"C29E4.15",15.6775339666389,-1.95330482518767,0.666816273808652,5.75315693012145e-05,0.00202394262940132
"F19B10.13",9.13068304600152,3.78511407398415,1.12929014225652,2.88089455589111e-05,0.00109473993123862
"Y65B4BM.3",20.4056506896908,-4.39567389185452,0.711131241653979,2.22692053065065e-09,1.67130385825332e-07
