"logFC","logCPM","F","PValue","FDR","gene"
-6.7685932963892,7.74829815706685,232.037136686004,2.22744612985673e-26,1.09256232669473e-22,"mlt-11"
-9.63906627954211,7.20311596018159,189.698800577252,3.58641619421185e-23,8.79568571630457e-20,"col-17"
3.29155464930065,8.3865275944107,169.770330334293,5.50712403183185e-22,9.00414779204507e-19,"gst-24"
-5.9912238694531,7.52617185572818,160.449677800569,2.05228930122515e-21,2.51661975562734e-18,"F41F3.3"
-5.900603578966,7.19130478647381,154.89285114597,4.9811091480592e-21,4.88646807424608e-18,"cut-2"
-7.16437331885775,6.52137447272276,115.351726838277,1.47957846505873e-17,1.20955539518551e-14,"sqt-3"
-6.9666446926897,6.33275691028024,101.495523081974,3.25503224882029e-16,2.28084759720908e-13,"rol-8"
-3.46360594217992,7.10518959315005,96.7653770615437,1.07647264357954e-15,6.60012289594705e-13,"noah-2"
-5.0126319213224,6.59277659829753,93.981246442179,1.78312945139546e-15,9.71805551010525e-13,"col-41"
-6.96819280816649,6.32927426232954,92.181453077456,2.97201910293884e-15,1.4577753699915e-12,"dpy-13"
-8.61303787355044,6.20342717927688,92.3104555078931,3.88008713027416e-15,1.73016612490861e-12,"sqt-1"
-4.12349991154636,6.57396548961268,87.9313291279418,8.87017241573663e-15,3.62568297493235e-12,"sym-1"
5.7996530259119,6.36043158873882,85.4401124766899,1.24800729134405e-14,4.70882751080197e-12,"pgp-8"
-5.5087121745054,6.17653344886791,84.3056869249655,1.6416293113344e-14,5.7515655514966e-12,"col-73"
-8.26369433099005,5.88281866362146,81.1280549084025,6.18814480289222e-14,2.02352335054576e-11,"F30H5.3"
-8.3172636518701,5.92696041846211,80.234521088417,7.78456473601465e-14,2.35417851056117e-11,"col-90"
-6.5469702246427,5.94625778819417,79.1038938583451,8.15923235056878e-14,2.35417851056117e-11,"dpy-8"
-3.73724090229041,6.54610159989329,78.9806948424965,8.92364192412025e-14,2.43169242432277e-11,"fbn-1"
-5.77069892637579,5.9443030876787,72.3522540095272,4.10377770041506e-13,1.05942261160715e-10,"ZK180.5"
-5.70539816517792,5.89109570589059,71.7583185269263,4.84417430226177e-13,1.1880337476297e-10,"dpy-4"
-8.25715445645993,5.868871388312,72.8236251766721,5.4975697264745e-13,1.28407521468369e-10,"dpy-5"
-3.7827319753551,6.38178775962502,68.0729674913472,1.72136738150119e-12,3.83786682102879e-10,"noah-1"
-4.49966775283832,5.88741336764835,57.3125898631775,3.64065779811896e-11,7.76409847816239e-09,"asp-12"
-2.86124477281832,6.53498646997843,54.2784434916676,1.034747008464e-10,2.1147641985483e-08,"lin-42"
-6.05985932083611,5.49806153166633,52.3438038949208,1.82446200074788e-10,3.57959444546735e-08,"abu-14"
-4.95855126673354,5.67287989170865,49.7668416035948,3.67190429593273e-10,6.9271886813654e-08,"grl-16"
-3.63633090134337,5.87565370342178,46.6113706076652,1.17335224848784e-09,2.13158991808624e-07,"Y47D7A.13"
-4.71405968591226,5.47919785076689,42.4664774364533,4.2567216381134e-09,7.24786212208262e-07,"ptr-4"
-7.41393628580088,5.12538448863605,43.0406455981952,4.28517842080318e-09,7.24786212208262e-07,"lpr-3"
-2.79763012564318,6.29255326749277,42.5875275811052,4.631964805751e-09,7.57326245740289e-07,"C09F9.2"
-7.332442702646,5.05426022793032,40.2091471159173,1.12480472443662e-08,1.77973134624568e-06,"mlt-8"
1.46031594008618,8.10105092705962,39.4825957232199,1.34931339861086e-08,2.06824444380822e-06,"mrp-2"
1.85688325485622,7.26163333579957,39.2533648041523,1.46257118559443e-08,2.17391262586081e-06,"C29F7.2"
-2.59692859678288,6.2012822624558,38.0605979302718,2.23080984970679e-08,3.21827126847406e-06,"K10D3.4"
1.53729492887611,7.80691352969916,36.3949476846677,4.03190083962219e-08,5.49619000555096e-06,"Y66D12A.9"
-0.841423105347949,11.4902831136152,36.3932891515961,4.03390092150529e-08,5.49619000555096e-06,"icl-1"
1.22993108170859,8.79554762637162,34.2359870597149,8.82425336026012e-08,1.16980980356962e-05,"cth-2"
-7.08228982763977,4.85254879584886,33.0937034715773,1.41739626925648e-07,1.82956018439554e-05,"wrt-2"
-1.38787072755428,7.7715514169072,32.4477991236405,1.7083325743383e-07,2.14855673772548e-05,"dpy-6"
-4.75966665111919,5.07063172353954,31.6877198626057,2.10298423101123e-07,2.57878441327752e-05,"dao-2"
2.83084319278885,5.96916521536129,31.6004605326695,2.33438075514803e-07,2.77176852761711e-05,"ugt-16"
-1.0053586255124,9.29776485019494,31.568543262815,2.37337977899936e-07,2.77176852761711e-05,"K08D12.6"
-2.93625173847051,5.67996246739704,31.4162880245085,2.50408621713022e-07,2.85640532442412e-05,"col-125"
-1.80397946873606,6.70067031116092,29.2224014117886,5.78725161827993e-07,6.45147026992342e-05,"acs-2"
-2.22492840720603,6.25497379859397,28.8561552799358,6.66906722777172e-07,7.26928327827118e-05,"T19B10.2"
-2.50460702869349,5.85371452655559,28.4582330458267,7.77586796025533e-07,8.1805368568259e-05,"fkb-5"
-3.70010596591782,5.22039937758019,28.338732601497,7.83863878227966e-07,8.1805368568259e-05,"mlt-10"
1.9025313074669,6.81692832276927,28.2191115409446,8.5264566463372e-07,8.71297288547582e-05,"pgp-1"
-1.53542606119678,7.16283946224569,27.0715714820711,1.33336281161375e-06,0.000133472338591131,"Y54G2A.11"
5.10022320175781,5.06239649914668,26.6180607850219,1.57479287453786e-06,0.000154487180992164,"gadr-6"
-2.74805366459814,5.62279603244318,26.5860808756982,1.61109222297499e-06,0.000154949163797889,"cdh-12"
0.727915910167119,10.9765110427176,25.8470404159382,2.16195613107599e-06,0.000203930669671687,"F55F10.1"
-1.04168031230561,8.32520489330119,24.9621739911684,3.07755933106047e-06,0.000284819406016068,"mua-6"
-6.71842379209272,4.56204069907258,24.9276287174308,3.22916870885405e-06,0.000293316157720909,"dpy-7"
1.12348057076074,8.1230780646146,24.5351434661838,3.65362407937339e-06,0.000325836838351391,"Y61A9LA.10"
-3.24379402677318,5.25144302513128,24.2391312783731,4.05524302428386e-06,0.000355195839894863,"F10D11.6"
-0.76683130485138,9.84251305514951,23.0842869434321,6.58259725672796e-06,0.000565917130367957,"metr-1"
-1.60434297605818,6.68720339345401,23.044522776571,6.69178258131325e-06,0.000565917130367957,"nlp-24"
1.36964671489228,7.38670216866132,22.9424524606157,6.97651190277669e-06,0.000579996455646096,"elo-5"
1.18390502641382,7.7455526764508,22.8631465897819,7.20665305727987e-06,0.000589143887432629,"dcaf-1"
-1.33037900452285,7.23554122342646,22.2624755797758,9.226218969899e-06,0.000741878754874665,"mua-3"
1.05348594775177,8.0609257651888,21.7277491915911,1.15108645156515e-05,0.000910657910472105,"rop-1"
1.6374788844035,6.60997314225785,21.4256487890449,1.30565053858304e-05,0.00101654220503966,"C48B6.2"
-0.671424992993343,10.5984697228551,21.1456312004519,1.46677734104795e-05,0.00112414732153753,"fasn-1"
-0.92878432837783,8.52667451786461,20.563225709799,1.8722976184098e-05,0.00140309482825934,"atg-2"
0.751576195270042,9.7960364824467,20.5434070327818,1.88795634383519e-05,0.00140309482825934,"nog-1"
0.970649411233841,8.28964595494415,20.1578945164094,2.22110179452809e-05,0.00162395857829446,"pgp-14"
0.896949246047342,8.54548233245602,20.1258605746544,2.25135949692198e-05,0.00162395857829446,"ivd-1"
-0.751204116737276,9.58363690792946,20.0165946987213,2.35780547877349e-05,0.00167609215556289,"lrp-1"
-1.77614794741335,6.11602203316281,19.9794550837491,2.39647596376909e-05,0.00167924494318391,"lys-4"
-2.23614854802988,5.58950780057824,19.7632986136053,2.6262646385255e-05,0.00178926387033822,"dod-24"
1.02893888369525,7.95607615878604,19.7620072704193,2.62644237847811e-05,0.00178926387033822,"lys-2"
0.810353469460564,8.95142153677589,19.0508860964528,3.55603163588695e-05,0.00238936098274321,"npp-3"
-1.26135255127845,7.1434450114381,18.898077921477,3.79670369339809e-05,0.00251659886704293,"ilys-5"
1.09168713257444,7.64950521621656,18.4155095091412,4.67195099280565e-05,0.0030554559492949,"lpd-6"
-0.659877469232543,10.0412276945725,18.2529143059047,5.01142795473121e-05,0.00323434922604692,"mnk-1"
-0.792882482620653,9.01942753444992,18.165344924108,5.20475398961945e-05,0.00331549588559525,"gln-3"
-0.87563549469265,8.38799195333563,18.0187754630718,5.54566100386903e-05,0.00348736759281764,"act-2"
0.550974492638685,11.5770080468796,17.9042442643872,5.82791551973593e-05,0.00361847159801326,"K07H8.10"
1.0374376505842,7.68795848861095,17.5528466478554,6.79001072201219e-05,0.00416312532393372,"rpoa-2"
-0.617170475780116,10.4146180336001,17.4841245598386,6.99631087035225e-05,0.00423665491593553,"acer-1"
-0.528083201899837,12.1638658191934,17.2885298656433,7.61998239560001e-05,0.00455805044517293,"hsp-90"
0.979798149221019,7.84492139191494,16.7224408612647,9.76792827606089e-05,0.00577249255350345,"eif-2A"
-0.792591638504649,8.82668929751221,16.6881743728404,9.91628312542355e-05,0.00579040103930983,"wnk-1"
-0.676529929694085,9.50547500678599,16.3213133240206,0.000116594112710547,0.00672816615112041,"cpt-1"
1.1473602407866,7.27558434228533,16.1147321332213,0.000127773477035605,0.00728754540534469,"W07E6.2"
-1.20047350385098,6.99932395921268,16.0092653353197,0.000133898021488199,0.00748779052894291,"epg-9"
1.03174657764278,7.54792437211951,16.0018492551174,0.000134337526309271,0.00748779052894291,"T02H6.1"
1.39377554176357,6.49872558118839,15.6186151112332,0.000159371084562068,0.0087833165143477,"Y17G7B.21"
-1.73652162946397,5.77620676859004,15.5492454818935,0.000164439649428464,0.00896196089385128,"txdc-12.2"
1.24484316926008,6.84340760347097,15.4884820644492,0.000168890552110873,0.00910338635278939,"K10C3.5"
-2.21171305462846,5.23814686567722,14.8544128882315,0.000224389697294367,0.0118777022710649,"F44E2.4"
1.52367598719104,6.16668096838021,14.8484667231198,0.000225204140919274,0.0118777022710649,"ugt-45"
1.05404938572524,7.79254233782761,14.6688158701549,0.000244142947120914,0.0127395867620009,"Y42G9A.3"
0.808308655281355,8.24789204806579,14.6037700031813,0.00025143102696315,0.0129817809184658,"npp-9"
-2.91567465225655,4.83369939438758,14.520886424291,0.000258762928564197,0.013221168381327,"aagr-4"
1.46456445337815,6.38294635920778,14.450761972623,0.000269544932713655,0.0136300813913452,"C29F3.7"
2.18193150002798,5.37863351466375,14.3867463177363,0.000276918961887219,0.013828744414515,"sna-2"
-0.886288760972491,7.84852061127129,14.3733382165863,0.000279112272586542,0.013828744414515,"col-39"
1.08024749171421,7.15590604907426,14.0696197500267,0.000320475699276162,0.0156563963981254,"let-858"
0.630857930923802,9.56103327542899,14.0565154040218,0.000322384512988922,0.0156563963981254,"ama-1"
-1.3417178499417,6.36547879222941,14.0221375917758,0.000327515386488161,0.0156747000664441,"nac-1"
1.28724860969749,6.61794877178237,14.0112467472645,0.000329152723107796,0.0156747000664441,"gst-5"
-2.06644596316214,5.30575549793417,13.9647388388218,0.000336178697379201,0.015855351063894,"umps-1"
-1.87401506969841,5.52991784957849,13.831072581703,0.000357511291762536,0.0167008846294785,"egrh-1"
-1.06764288053465,7.09401376538329,13.7808656584435,0.000365655933547198,0.0169202108872548,"col-80"
1.91655880593331,5.56627839464156,13.7134437004322,0.00037705225377149,0.0172844981752258,"T02B11.4"
1.25186760926582,6.70094216148335,13.6289004770124,0.000392053105009949,0.0178057451858685,"vab-8"
-1.07424025502364,6.99145460214004,13.4844741144069,0.000418902830848223,0.01885062738817,"T27D12.1"
1.59501643721913,5.98361750396369,13.3716139429607,0.000441389055753182,0.0196819392588124,"M01G5.1"
-0.818711529986771,7.98430959825981,13.2298130077347,0.000471009449449322,0.0208135256716119,"clec-1"
-0.594802877494478,9.69247647639504,13.0210509140694,0.000518696674624902,0.0226530116117717,"rpl-1"
-1.46892673538125,6.0468131686099,12.998320887426,0.000524294659784602,0.0226530116117717,"oac-46"
-0.566662191294398,9.88282311910479,12.9646119849408,0.000532425960990366,0.0226530116117717,"cpr-4"
-1.13705643069095,6.77567190760907,12.9573764981009,0.000534233362520245,0.0226530116117717,"C31C9.2"
1.17048604832762,6.79649632597135,12.9514041897848,0.000535728714977678,0.0226530116117717,"gst-7"
-0.779069371245457,8.41930462496973,12.8587646348023,0.000559195863570506,0.0234432112035327,"C34E7.4"
-1.86358669103802,5.39534233132305,12.7828951747848,0.000579432919972833,0.0240857497666673,"alh-13"
-1.81938184906292,5.43808539462897,12.7372251712644,0.000591882376681318,0.0243964962825367,"moe-3"
-2.22053389036417,5.04065714862178,12.7149104900891,0.000597120382093802,0.0244072956180842,"col-48"
1.13021062129014,6.87472823353591,12.6511047507698,0.000615852167221933,0.0249649163654842,"nlp-16"
1.32784448440624,6.31161168986927,12.6300657734189,0.000622004535999936,0.0250076413858991,"F13H6.3"
-0.453338573008341,11.8165327840769,12.6069979637926,0.000628589893015472,0.0250669384165926,"rpl-3"
-1.31502460980556,6.2973976652419,12.3169499858554,0.000719742666905677,0.0284704659771964,"cpz-1"
-2.2581374185338,4.95573585584537,12.1575021969536,0.00077418393838353,0.0303789777421697,"txdc-12.1"
-1.74885576155733,5.4522385181025,11.8764769527236,0.000885184634549794,0.0344589732735455,"Y38F2AR.9"
0.920172444052401,7.61243632347942,11.8421666033789,0.000899270433995674,0.0345798004485271,"clec-186"
-0.533447640869537,9.87688066393151,11.8347931548986,0.000902388268585415,0.0345798004485271,"sams-1"
-0.701724555913294,8.51234391365972,11.8046155533593,0.000915310668571816,0.034803091700347,"cpl-1"
-2.67826680894928,4.67327257317749,11.7693392252963,0.000925014222158412,0.0349014981514385,"cdh-10"
1.65832515362938,5.6782682116228,11.5915023070694,0.00101241306456149,0.0379075273410238,"ZK1055.7"
-0.669454102227383,8.52377985950822,11.5488338637824,0.00103279961510398,0.0383778947885229,"sti-1"
1.69873040297916,5.57216327975743,11.425883036578,0.00109484549518455,0.0403775725855656,"npp-24"
1.46543765362174,5.89726691945843,11.4063813854861,0.00110522358772756,0.0404561320731618,"rsd-2"
0.736704522030312,8.15120222506074,11.3135698563963,0.00115463293215062,0.0419516632014724,"sumv-2"
1.3337356524749,6.16737055964626,11.2692579086619,0.00117944017901361,0.0425378976328071,"gtf-2F1"
1.26250765727394,6.40698552497178,11.2532252801079,0.00118836372030885,0.0425468908621526,"C17E4.11"
0.931125672065208,7.25018160836136,11.2187698748885,0.00120785491722792,0.0427918303447738,"ugt-22"
1.09795991129844,6.67247853568114,11.2105244367769,0.00121265329621275,0.0427918303447738,"pgp-3"
-1.77866941345859,5.342999258575,11.1856862077461,0.00122734435765515,0.0430008862449894,"grd-3"
1.30648539899041,6.2172660208326,11.15634241218,0.00124448120936803,0.0430979197053611,"T20B12.3"
2.01099285259416,5.25969979256629,11.1481345084012,0.0012476869721022,0.0430979197053611,"cyp-33A1"
0.707354677730136,8.30629621594785,11.0722636178374,0.00129509858860482,0.0441586617595349,"dmd-6"
-0.696178532568948,8.27985792830792,11.0701534593434,0.00129640107917901,0.0441586617595349,"ahsa-1"
-1.43922432068849,5.80450723751194,11.0241213740195,0.00132549330999637,0.0448382392105668,"acn-1"
1.26186930902363,6.25719448595758,10.936648396386,0.00138190547340233,0.046426344842729,"K07F5.14"
1.52078634776803,5.7692650326297,10.8983330470468,0.00140761625225592,0.0469684198456822,"npp-2"
