"WB_ID","ENTREZ_ID"
"WBGene00000031","178904"
"WBGene00000039","180780"
"WBGene00000082","181412"
"WBGene00000115","175820"
"WBGene00000120","177735"
"WBGene00000133","180729"
"WBGene00000226","179352"
"WBGene00000235","176330"
"WBGene00000282","181478"
"WBGene00000373","178926"
"WBGene00000399","175143"
"WBGene00000402","183476"
"WBGene00000497","173405"
"WBGene00000512","175565"
"WBGene00000603","177559"
"WBGene00000606","173839"
"WBGene00000618","181610"
"WBGene00000625","171873"
"WBGene00000649","184366"
"WBGene00000665","176117"
"WBGene00000668","259335"
"WBGene00000672","176721"
"WBGene00000678","176947"
"WBGene00000683","176988"
"WBGene00000685","177230"
"WBGene00000699","178029"
"WBGene00000722","179431"
"WBGene00000746","180960"
"WBGene00000753","181356"
"WBGene00000788","171829"
"WBGene00000915","179971"
"WBGene00000928","173793"
"WBGene00000992","181027"
"WBGene00001001","177875"
"WBGene00001059","176132"
"WBGene00001064","174107"
"WBGene00001065","180529"
"WBGene00001066","178414"
"WBGene00001067","172197"
"WBGene00001068","181099"
"WBGene00001069","181013"
"WBGene00001070","180785"
"WBGene00001071","176846"
"WBGene00001072","36805042"
"WBGene00001073","179040"
"WBGene00001074","177187"
"WBGene00001156","173300"
"WBGene00001240","178532"
"WBGene00001243","177320"
"WBGene00001389","184522"
"WBGene00001428","179113"
"WBGene00001430","171974"
"WBGene00001477","177958"
"WBGene00001564","178583"
"WBGene00001604","178452"
"WBGene00001633","176595"
"WBGene00001703","187934"
"WBGene00001714","178837"
"WBGene00001716","179569"
"WBGene00001724","190707"
"WBGene00001725","171649"
"WBGene00001753","187537"
"WBGene00001755","173842"
"WBGene00001772","185407"
"WBGene00001854","181073"
"WBGene00001898","181545"
"WBGene00002069","172817"
"WBGene00002275","175058"
"WBGene00002282","181554"
"WBGene00002827","178120"
"WBGene00002983","180825"
"WBGene00003057","179673"
"WBGene00003062","171886"
"WBGene00003071","172520"
"WBGene00003091","179429"
"WBGene00003093","178086"
"WBGene00003096","178772"
"WBGene00003119","174974"
"WBGene00003408","180408"
"WBGene00003412","180691"
"WBGene00003473","179060"
"WBGene00003474","179899"
"WBGene00003482","176430"
"WBGene00003485","181698"
"WBGene00003497","176060"
"WBGene00003553","181208"
"WBGene00003675","191732"
"WBGene00003762","179594"
"WBGene00003771","179545"
"WBGene00003795","175443"
"WBGene00003797","171954"
"WBGene00003798","172348"
"WBGene00003995","178215"
"WBGene00003997","181326"
"WBGene00003998","181327"
"WBGene00004002","181277"
"WBGene00004017","185024"
"WBGene00004025","178170"
"WBGene00004104","178954"
"WBGene00004120","174955"
"WBGene00004133","175970"
"WBGene00004174","174464"
"WBGene00004216","191746"
"WBGene00004217","171950"
"WBGene00004219","180876"
"WBGene00004221","173898"
"WBGene00004224","172229"
"WBGene00004227","191748"
"WBGene00004232","174940"
"WBGene00004259","174385"
"WBGene00004264","174319"
"WBGene00004296","179678"
"WBGene00004397","174397"
"WBGene00004398","174226"
"WBGene00004405","179425"
"WBGene00005016","174731"
"WBGene00005017","173382"
"WBGene00005018","179693"
"WBGene00006351","180992"
"WBGene00006366","181555"
"WBGene00006497","173812"
"WBGene00006567","180244"
"WBGene00006603","3565050"
"WBGene00006611","173388"
"WBGene00006886","181768"
"WBGene00006947","174223"
"WBGene00006948","180597"
"WBGene00006950","181664"
"WBGene00006955","181931"
"WBGene00006956","174224"
"WBGene00006981","181051"
"WBGene00007101","179436"
"WBGene00007170","175632"
"WBGene00007329","174546"
"WBGene00007362","179885"
"WBGene00007413","174598"
"WBGene00007455","178330"
"WBGene00007479","182456"
"WBGene00007552","182568"
"WBGene00007807","180036"
"WBGene00007811","181463"
"WBGene00007836","175012"
"WBGene00007864","183126"
"WBGene00007903","181516"
"WBGene00007938","181306"
"WBGene00007999","175123"
"WBGene00008043","3565371"
"WBGene00008334","183834"
"WBGene00008376","179495"
"WBGene00008412","172511"
"WBGene00008449","181387"
"WBGene00008575","184188"
"WBGene00008577","184201"
"WBGene00008584","184206"
"WBGene00008602","181226"
"WBGene00008605","181607"
"WBGene00008652","172635"
"WBGene00008810","184473"
"WBGene00008851","179784"
"WBGene00008886","172879"
"WBGene00008963","184702"
"WBGene00008964","175122"
"WBGene00009094","179695"
"WBGene00009133","184940"
"WBGene00009221","3565680"
"WBGene00009342","172715"
"WBGene00009512","174706"
"WBGene00009620","181237"
"WBGene00009621","181238"
"WBGene00009797","181454"
"WBGene00009823","173273"
"WBGene00009904","3565627"
"WBGene00009926","178365"
"WBGene00009983","179823"
"WBGene00010123","186337"
"WBGene00010225","186484"
"WBGene00010238","179513"
"WBGene00010435","178277"
"WBGene00010456","174326"
"WBGene00010470","259654"
"WBGene00010473","24104699"
"WBGene00010480","176508"
"WBGene00010573","176315"
"WBGene00010638","177837"
"WBGene00010646","177953"
"WBGene00010660","178241"
"WBGene00010673","178211"
"WBGene00010723","259477"
"WBGene00010732","172838"
"WBGene00010738","172452"
"WBGene00010835","181498"
"WBGene00010877","174356"
"WBGene00010902","187470"
"WBGene00010904","175591"
"WBGene00010988","174681"
"WBGene00011032","172651"
"WBGene00011043","175145"
"WBGene00011107","181240"
"WBGene00011185","179888"
"WBGene00011190","187765"
"WBGene00011235","172557"
"WBGene00011244","187804"
"WBGene00011304","174623"
"WBGene00011340","187955"
"WBGene00011451","179679"
"WBGene00011530","174717"
"WBGene00011768","174415"
"WBGene00011800","188554"
"WBGene00011801","179774"
"WBGene00011831","179551"
"WBGene00011885","174424"
"WBGene00011938","181417"
"WBGene00012032","174465"
"WBGene00012059","176321"
"WBGene00012085","174820"
"WBGene00012118","177693"
"WBGene00012186","180352"
"WBGene00012255","181296"
"WBGene00012256","181297"
"WBGene00012257","181298"
"WBGene00012261","181295"
"WBGene00012322","174454"
"WBGene00012433","189434"
"WBGene00012471","174837"
"WBGene00012545","189612"
"WBGene00012594","189662"
"WBGene00012648","176484"
"WBGene00012692","180246"
"WBGene00012814","180277"
"WBGene00012840","259344"
"WBGene00012887","178346"
"WBGene00012917","174922"
"WBGene00013263","174863"
"WBGene00013267","174869"
"WBGene00013331","3565027"
"WBGene00013434","176589"
"WBGene00013435","176588"
"WBGene00013578","176787"
"WBGene00013901","191171"
"WBGene00013986","176290"
"WBGene00014013","176388"
"WBGene00014039","181660"
"WBGene00014165","174572"
"WBGene00014183","191492"
"WBGene00014243","177804"
"WBGene00015057","24104108"
"WBGene00015182","181986"
"WBGene00015298","173762"
"WBGene00015326","177281"
"WBGene00015339","178885"
"WBGene00015400","182177"
"WBGene00015512","174254"
"WBGene00015514","174259"
"WBGene00015538","177355"
"WBGene00015545","181720"
"WBGene00015646","173445"
"WBGene00015709","179148"
"WBGene00015710","182538"
"WBGene00015781","180896"
"WBGene00015795","174143"
"WBGene00015841","173686"
"WBGene00015930","177445"
"WBGene00016022","173391"
"WBGene00016119","173965"
"WBGene00016133","180804"
"WBGene00016264","183055"
"WBGene00016360","183174"
"WBGene00016422","172261"
"WBGene00016505","259631"
"WBGene00016594","183403"
"WBGene00016596","177492"
"WBGene00016710","173715"
"WBGene00016740","172420"
"WBGene00016786","183622"
"WBGene00016805","173396"
"WBGene00016845","177554"
"WBGene00016907","171749"
"WBGene00017018","179191"
"WBGene00017154","180969"
"WBGene00017329","3564933"
"WBGene00017334","266913"
"WBGene00017376","181769"
"WBGene00017431","179020"
"WBGene00017435","174038"
"WBGene00017438","174035"
"WBGene00017480","177424"
"WBGene00017483","184533"
"WBGene00017501","178711"
"WBGene00017506","178648"
"WBGene00017563","174082"
"WBGene00017659","179290"
"WBGene00017678","179210"
"WBGene00017691","180928"
"WBGene00017716","180868"
"WBGene00017895","174004"
"WBGene00017937","175207"
"WBGene00017962","185173"
"WBGene00017979","171827"
"WBGene00017991","177534"
"WBGene00017998","177552"
"WBGene00018052","185308"
"WBGene00018297","178856"
"WBGene00018418","176243"
"WBGene00018487","181015"
"WBGene00018572","173503"
"WBGene00018640","180855"
"WBGene00018656","180520"
"WBGene00018682","180400"
"WBGene00018743","180578"
"WBGene00018789","172126"
"WBGene00018893","172226"
"WBGene00018898","186322"
"WBGene00018965","175769"
"WBGene00018969","173750"
"WBGene00019090","178682"
"WBGene00019148","181103"
"WBGene00019154","177358"
"WBGene00019184","175168"
"WBGene00019268","173994"
"WBGene00019272","180474"
"WBGene00019318","180552"
"WBGene00019357","178860"
"WBGene00019510","177621"
"WBGene00019515","187129"
"WBGene00019520","179014"
"WBGene00019565","187209"
"WBGene00019644","178889"
"WBGene00019801","176230"
"WBGene00019839","178870"
"WBGene00019858","187558"
"WBGene00019970","187708"
"WBGene00019983","178587"
"WBGene00020031","172011"
"WBGene00020049","187856"
"WBGene00020141","187942"
"WBGene00020156","187981"
"WBGene00020194","188029"
"WBGene00020208","177012"
"WBGene00020296","176864"
"WBGene00020297","176863"
"WBGene00020554","179273"
"WBGene00020592","178880"
"WBGene00020601","176053"
"WBGene00020846","180649"
"WBGene00021074","173439"
"WBGene00021095","173448"
"WBGene00021372","177139"
"WBGene00021556","189928"
"WBGene00021625","178841"
"WBGene00021675","24105124"
"WBGene00021709","178581"
"WBGene00021715","173696"
"WBGene00021743","3565176"
"WBGene00021875","177060"
"WBGene00021876","177058"
"WBGene00022021","178851"
"WBGene00022078","177040"
"WBGene00022103","190583"
"WBGene00022160","171740"
"WBGene00022274","171726"
"WBGene00022283","173802"
"WBGene00022287","178630"
"WBGene00022517","171671"
"WBGene00022591","172340"
"WBGene00022649","174008"
"WBGene00022657","191225"
"WBGene00022679","177218"
"WBGene00022680","177219"
"WBGene00022789","179309"
"WBGene00022814","179159"
"WBGene00022816","176076"
"WBGene00022848","179051"
"WBGene00022856","174155"
"WBGene00044109","259661"
"WBGene00044132","3565519"
"WBGene00044621","180525"
"WBGene00044623","180821"
"WBGene00044724","4363121"
"WBGene00044811","4363044"
"WBGene00045246","6418648"
"WBGene00194713","13184428"
"WBGene00302974","36805065"
